Time,Pitch,Roll
2,-0.0607305,0.14886
10,-0.231807,0.138689
18,-0.38852,0.131659
27,-0.5289,0.134117
35,-0.680541,0.133793
44,-0.831683,0.137287
53,-0.979884,0.145995
62,-1.13588,0.146674
70,-1.2674,0.145766
82,-1.38745,0.145604
89,-1.51714,0.144635
96,-1.63777,0.147363
104,-1.74705,0.137771
111,-1.87768,0.147702
119,-1.99641,0.141311
127,-2.10276,0.122498
136,-2.18812,0.123712
143,-2.29212,0.119426
151,-2.38387,0.119603
159,-2.45316,0.113845
168,-2.53837,0.110247
181,-2.63654,0.132293
190,-2.7317,0.125524
198,-2.81509,0.121573
206,-2.88767,0.123905
215,-2.97925,0.11663
224,-3.0709,0.124087
232,-3.1477,0.103301
241,-3.22157,0.0979015
249,-3.29453,0.0853531
258,-3.36929,0.0882484
267,-3.44155,0.0772068
275,-3.52081,0.0828163
284,-3.57667,0.0946923
293,-3.64595,0.103621
301,-3.70992,0.10875
310,-3.76153,0.106666
319,-3.82714,0.0943836
327,-3.86257,0.101698
336,-3.94235,0.107397
344,-3.99066,0.113636
353,-4.05271,0.128246
362,-4.08779,0.118137
370,-4.12622,0.126791
379,-4.17803,0.139259
387,-4.22031,0.139526
396,-4.27248,0.143482
404,-4.30349,0.128971
413,-4.35419,0.140159
422,-4.39611,0.142206
430,-4.43509,0.157742
442,-4.47875,0.151837
451,-4.49948,0.144785
459,-4.54456,0.137224
468,-4.57194,0.130538
477,-4.60596,0.129297
486,-4.63988,0.136891
495,-4.66949,0.129194
503,-4.68979,0.123999
512,-4.73918,0.133833
521,-4.76974,0.139322
529,-4.7942,0.134081
538,-4.81283,0.129454
547,-4.83355,0.125765
555,-4.87105,0.139009
564,-4.9034,0.137622
572,-4.91473,0.146431
581,-4.93684,0.154441
590,-4.95348,0.139526
598,-4.96321,0.139034
607,-4.97002,0.14273
615,-4.99051,0.137409
624,-4.98896,0.145843
632,-5.01634,0.167062
641,-5.04721,0.16757
649,-5.06819,0.174566
658,-5.07313,0.167033
667,-5.09877,0.175224
675,-5.11515,0.162336
684,-5.13701,0.14337
692,-5.16206,0.162876
701,-5.17911,0.159008
709,-5.19294,0.152521
718,-5.211,0.160748
728,-5.24025,0.157149
736,-5.24493,0.162037
745,-5.26011,0.159335
754,-5.26874,0.160503
762,-5.29504,0.161984
771,-5.30543,0.169696
780,-5.3122,0.148594
788,-5.31899,0.128803
797,-5.32094,0.123997
806,-5.32287,0.112556
814,-5.31391,0.127197
827,-5.31815,0.131467
835,-5.32406,0.124382
844,-5.34477,0.123917
852,-5.36713,0.121735
861,-5.38683,0.131441
870,-5.41143,0.122875
878,-5.44055,0.135474
887,-5.45156,0.143216
896,-5.4436,0.152707
904,-5.45012,0.167213
913,-5.4564,0.168558
921,-5.45631,0.175217
930,-5.45253,0.160738
939,-5.4638,0.166452
947,-5.48554,0.18135
956,-5.48173,0.184983
965,-5.50569,0.178095
973,-5.52553,0.178047
982,-5.54041,0.200018
990,-5.55406,0.19014
999,-5.57548,0.197995
1009,-5.57323,0.199163
1017,-5.58193,0.19153
1024,-5.576,0.192849
1032,-5.5641,0.189327
1040,-5.55565,0.176819
1047,-5.53562,0.17307
1055,-5.51779,0.168108
1062,-5.50294,0.161
1070,-5.50309,0.154779
1077,-5.50411,0.155131
1085,-5.48649,0.162494
1093,-5.50626,0.168022
1100,-5.5047,0.154862
1108,-5.49505,0.122873
1115,-5.51302,0.118133
1123,-5.50981,0.126556
1130,-5.50114,0.133763
1137,-5.50985,0.141557
1145,-5.50373,0.141007
1152,-5.49394,0.142326
1160,-5.49235,0.126677
1168,-5.49263,0.124859
1175,-5.47302,0.13689
1183,-5.44842,0.139247
1190,-5.44898,0.144877
1198,-5.45777,0.146693
1205,-5.46566,0.144151
1213,-5.47902,0.144347
1220,-5.48736,0.161788
1228,-5.48865,0.160005
1235,-5.47988,0.162381
1243,-5.47742,0.173432
1251,-5.48406,0.179937
1258,-5.45719,0.174985
1266,-5.42744,0.170331
1274,-5.41796,0.165815
1281,-5.40106,0.162894
1289,-5.39432,0.166363
1296,-5.40056,0.158952
1304,-5.39775,0.162617
1311,-5.37644,0.152865
1319,-5.39093,0.165111
1326,-5.39666,0.168951
1334,-5.40263,0.162569
1341,-5.40867,0.171922
1349,-5.41003,0.17476
1357,-5.42374,0.167395
1364,-5.43065,0.167659
1372,-5.43357,0.174046
1379,-5.44497,0.162269
1387,-5.44432,0.147549
1394,-5.44325,0.158043
1402,-5.44045,0.14862
1409,-5.41848,0.148913
1417,-5.38944,0.137635
1424,-5.36052,0.127118
1432,-5.33987,0.125683
1439,-5.32941,0.136815
1447,-5.30813,0.132491
1455,-5.28856,0.141885
1462,-5.26346,0.142337
1470,-5.24011,0.147829
1477,-5.21159,0.163434
1485,-5.19995,0.158605
1492,-5.1691,0.165682
1500,-5.14718,0.166351
1507,-5.12995,0.146682
1515,-5.11253,0.148969
1522,-5.09925,0.131018
1530,-5.08372,0.128656
1537,-5.05985,0.141206
1545,-5.04395,0.134635
1552,-5.00613,0.14218
1560,-4.97379,0.134823
1567,-4.95835,0.130246
1575,-4.93775,0.1213
1583,-4.92179,0.119598
1590,-4.88789,0.112958
1598,-4.86708,0.117406
1606,-4.80901,0.120293
1615,-4.75894,0.113897
1624,-4.7195,0.111006
1632,-4.67622,0.11253
1641,-4.64423,0.106887
1650,-4.62568,0.106509
1659,-4.60737,0.101803
1666,-4.57235,0.0924605
1674,-4.54726,0.087087
1681,-4.50425,0.0832029
1690,-4.45231,0.0876589
1698,-4.38046,0.0820498
1707,-4.34134,0.0828654
1715,-4.32736,0.0705426
1723,-4.31163,0.0779366
1731,-4.29811,0.0837295
1739,-4.29834,0.0871037
1748,-4.3054,0.0986721
1757,-4.30632,0.0860985
1766,-4.3049,0.0914319
1774,-4.29533,0.11058
1783,-4.27276,0.0997056
1791,-4.24969,0.0922823
1799,-4.24606,0.0846109
1808,-4.25265,0.091644
1816,-4.25658,0.111535
1829,-4.28312,0.117638
1837,-4.29495,0.105238
1845,-4.29568,0.100013
1854,-4.2771,0.100881
1862,-4.25272,0.0911661
1871,-4.218,0.0944811
1885,-4.14667,0.0898548
1893,-4.11336,0.0781108
1902,-4.04552,0.0875864
1910,-3.99935,0.0923842
1919,-3.93017,0.116936
1928,-3.85746,0.124501
1936,-3.77268,0.12836
1945,-3.69991,0.127995
1954,-3.61959,0.121766
1962,-3.52483,0.122749
1971,-3.45985,0.130962
1980,-3.37458,0.126976
1988,-3.31334,0.115254
1997,-3.25922,0.0954983
2005,-3.20099,0.102397
2014,-3.129,0.089163
2023,-3.06456,0.080647
2031,-2.99914,0.0877451
2040,-2.94114,0.0843696
2049,-2.863,0.0949223
2057,-2.79687,0.0944951
2066,-2.73976,0.0947657
2074,-2.67912,0.103471
2083,-2.57439,0.0977695
2092,-2.51689,0.106641
2101,-2.44593,0.11351
2109,-2.36274,0.112493
2118,-2.29001,0.113558
2126,-2.19943,0.122793
2135,-2.11996,0.120153
2144,-2.05988,0.100708
2152,-2.00489,0.0855634
2161,-1.93136,0.0867235
2169,-1.85455,0.0774615
2182,-1.77145,0.0989273
2191,-1.70273,0.101908
2199,-1.64408,0.133276
2208,-1.60686,0.121374
2217,-1.58692,0.117722
2226,-1.59384,0.109171
2235,-1.5809,0.0975214
2243,-1.59922,0.0888737
2252,-1.59227,0.0827123
2261,-1.58935,0.0693172
2269,-1.58144,0.068695
2278,-1.60069,0.0807615
2287,-1.6204,0.0988681
2295,-1.65501,0.079216
2304,-1.66735,0.0838886
2313,-1.67486,0.0820531
2321,-1.67443,0.0926173
2331,-1.64915,0.0835764
2339,-1.61575,0.0953929
2348,-1.58322,0.100409
2356,-1.58318,0.0845662
2365,-1.59627,0.101614
2374,-1.62909,0.101861
2382,-1.65366,0.0889971
2391,-1.65894,0.0848603
2399,-1.6506,0.0713688
2408,-1.61917,0.0730965
2417,-1.54594,0.0697538
2426,-1.45032,0.065541
2434,-1.33562,0.0605926
2443,-1.22034,0.0441794
2452,-1.11411,0.0600561
2461,-1.03021,0.0682795
2469,-0.973487,0.0697788
2478,-0.96287,0.0562643
2491,-0.932366,0.0513974
2499,-0.950089,0.060028
2506,-0.979177,0.0677942
2514,-1.00767,0.0773247
2521,-1.02883,0.0578304
2529,-1.03197,0.0161028
2536,-1.02378,0.0016299
2544,-1.01127,0.00388579
2553,-0.973901,0.00541963
2561,-0.950534,0.0147246
2570,-0.927768,0.00907657
2579,-0.900065,0.0190329
2587,-0.868048,0.0285771
2596,-0.848445,0.0346122
2605,-0.843144,0.0405407
2613,-0.82016,0.0361152
2622,-0.816129,0.0559558
2630,-0.791884,0.052775
2639,-0.765879,0.0564897
2648,-0.756237,0.0470536
2656,-0.735556,0.0457927
2665,-0.713208,0.04155
2674,-0.709558,0.0485169
2682,-0.719566,0.0554251
2691,-0.735893,0.0604549
2699,-0.74487,0.0775435
2708,-0.774772,0.0820855
2717,-0.797867,0.0721427
2727,-0.800445,0.0693963
2735,-0.83564,0.0643979
2744,-0.854412,0.0700053
2753,-0.87492,0.0809943
2761,-0.892232,0.0679522
2770,-0.912006,0.0645909
2779,-0.920902,0.0643389
2787,-0.926891,0.0688211
2796,-0.951336,0.0683347
2804,-0.951846,0.0591833
2813,-0.956801,0.0640001
2821,-0.955756,0.0586842
2830,-0.94943,0.0459717
2838,-0.950179,0.0521706
2847,-0.935451,0.0653237
2855,-0.931435,0.0716842
2864,-0.917917,0.0814085
2873,-0.895184,0.0874284
2881,-0.884516,0.0842406
2889,-0.88337,0.0902898
2898,-0.894226,0.0907198
2906,-0.894124,0.0797302
2915,-0.907547,0.0714762
2923,-0.931323,0.0740403
2933,-0.929621,0.0733257
2941,-0.921774,0.0706681
2950,-0.89942,0.0690841
2958,-0.882386,0.0728282
2967,-0.893675,0.0757074
2975,-0.88713,0.0771609
2983,-0.88318,0.0873033
2992,-0.872532,0.0732509
3002,-0.87003,0.0810787
3011,-0.864698,0.0917266
3019,-0.861818,0.0912226
3028,-0.862582,0.10623
3036,-0.874882,0.091091
3046,-0.867478,0.100739
3054,-0.85016,0.105823
3063,-0.833513,0.0932649
3074,-0.829773,0.0922942
3082,-0.852651,0.0901472
3090,-0.846535,0.0910092
3097,-0.819582,0.0838422
3105,-0.829021,0.0687563
3112,-0.8177,0.0738221
3120,-0.789532,0.0557936
3127,-0.764116,0.0477666
3135,-0.743974,0.0411583
3144,-0.721655,0.0334841
3152,-0.711037,0.0472101
3159,-0.689534,0.0373546
3167,-0.670994,0.0367327
3174,-0.655671,0.0502549
3186,-0.646056,0.0560339
3194,-0.644518,0.0500423
3203,-0.6544,0.0544986
3211,-0.670447,0.0478036
3220,-0.698723,0.0502748
3228,-0.731822,0.0488092
3237,-0.767683,0.0653604
3246,-0.782414,0.0707226
3254,-0.792737,0.0703005
3263,-0.818411,0.0857113
3271,-0.837196,0.079849
3280,-0.857316,0.0760436
3288,-0.858924,0.0741488
3297,-0.873673,0.0834632
3305,-0.872136,0.0818979
3314,-0.880411,0.0711756
3322,-0.867356,0.0762268
3331,-0.869585,0.0790015
3340,-0.884744,0.0637239
3348,-0.919029,0.0678171
3357,-0.913589,0.063543
3365,-0.906607,0.0611331
3374,-0.883854,0.0442912
3382,-0.868249,0.0452148
3391,-0.855235,0.0369147
3399,-0.852251,0.0362681
3408,-0.852795,0.0523304
3416,-0.848455,0.0684964
3425,-0.855797,0.0640737
3434,-0.865279,0.0688445
3442,-0.893292,0.0554559
3451,-0.899072,0.0588912
3459,-0.935276,0.0520597
3467,-0.962704,0.0402103
3476,-0.983834,0.0433877
3484,-0.976439,0.038499
3493,-0.97247,0.0353249
3502,-0.958615,0.0357823
3510,-0.966961,0.0490132
3519,-0.965706,0.0339077
3528,-0.946948,0.0327514
3537,-0.95229,0.037033
3546,-0.950889,0.0326757
3555,-0.960086,0.0397255
3563,-0.941143,0.0351004
3572,-0.939819,0.0391145
3580,-0.947445,0.0455366
3589,-0.934659,0.0278807
3598,-0.940036,0.0353309
3607,-0.919849,0.0338272
3616,-0.901153,0.043144
3624,-0.872025,0.0331988
3633,-0.840822,0.026859
3642,-0.806862,0.0373216
3650,-0.775768,0.0502302
3659,-0.756347,0.0405575
3668,-0.728029,0.0482398
3676,-0.701219,0.0322623
3685,-0.678568,0.0370896
3694,-0.666264,0.0212596
3702,-0.644317,0.0309882
3711,-0.625472,0.0201874
3720,-0.616705,0.00923037
3729,-0.576176,0.0112862
3737,-0.54827,0.00636704
3746,-0.533643,0.0128511
3754,-0.520941,0.00170926
3763,-0.49763,-0.00239364
3772,-0.506166,0.00667762
3780,-0.511654,-0.0014322
3789,-0.52002,0.0142229
3797,-0.514269,0.0096885
3806,-0.517345,0.0144538
3815,-0.519585,0.00145502
3829,-0.512372,-0.00997243
3837,-0.514425,-0.0168401
3846,-0.492707,-0.0220806
3855,-0.480503,-0.0051648
3863,-0.434489,-0.0164194
3872,-0.404522,-0.0201129
3881,-0.388018,-0.0181961
3889,-0.358282,-0.0124375
3898,-0.317702,-0.0186325
3906,-0.295236,-0.0265765
3915,-0.27327,-0.0199941
3924,-0.257015,-0.0124357
3934,-0.245013,-0.00618526
3943,-0.234305,-8.66345e-05
3951,-0.215488,-0.0192231
3960,-0.205883,-0.0135367
3969,-0.187083,-0.00880516
3978,-0.178209,-0.00688939
3986,-0.152136,-0.00469633
3995,-0.116469,-0.00201761
4004,-0.110912,-0.00307732
4012,-0.0855421,-0.0126708
4021,-0.0729697,-0.00237724
4030,-0.0565068,-0.0128447
4038,-0.041505,-0.0184229
4047,-0.0245384,0.00430682
4056,-0.00141689,0.00784577
4064,0.0282438,0.0219112
4073,0.07278,0.0186617
4082,0.103961,0.023965
4091,0.119003,0.0231546
4099,0.155238,0.0311097
4108,0.142244,0.039701
4117,0.162168,0.0363074
4126,0.192823,0.0327455
4136,0.202889,0.0214555
4144,0.214752,0.0169871
4153,0.2146,0.00797547
4161,0.254239,-0.00297232
4170,0.290358,4.56119e-05
4178,0.35059,-0.00173557
4191,0.414413,-0.000232817
4200,0.457515,0.0121364
4209,0.510252,0.0155812
4217,0.527659,0.0231275
4226,0.559682,0.00145069
4234,0.603929,0.0137731
4243,0.623749,0.0247543
4252,0.662909,0.0192807
4260,0.68424,0.0146515
4269,0.717441,0.00698309
4277,0.741823,0.0217243
4286,0.75898,0.0313161
4295,0.782499,0.0422486
4303,0.804279,0.0307875
4312,0.838791,0.0226811
4321,0.87819,0.0318051
4330,0.921143,0.0351791
4339,0.9493,0.0278556
4348,0.984453,0.0325576
4357,1.0266,0.0149235
4366,1.15233,-0.000885879
4374,1.28549,-0.0301454
4383,1.49939,-0.0807258
4392,1.52278,-0.138902
4400,1.54256,-0.103395
4409,1.58546,-0.0906125
4418,1.6034,-0.114015
4426,1.64713,-0.133558
4435,1.70027,-0.132398
4444,1.78182,-0.125949
4452,1.87838,-0.133145
4461,1.98383,-0.139906
4470,2.07472,-0.130797
4478,2.17247,-0.13499
4487,2.23355,-0.121462
4495,2.29537,-0.116187
4504,2.34671,-0.122519
4512,2.39647,-0.105918
4521,2.43659,-0.1036
4530,2.48388,-0.101873
4539,2.52616,-0.11352
4547,2.5721,-0.108864
4555,2.62844,-0.0882456
4564,2.64692,-0.09662
4572,2.66446,-0.0907264
4581,2.66298,-0.0926494
4590,2.66488,-0.0913866
4598,2.67455,-0.0887977
4607,2.67639,-0.0968006
4615,2.66995,-0.0950407
4623,2.65588,-0.0944128
4632,2.64203,-0.0914697
4641,2.63504,-0.0728248
4649,2.63016,-0.0669946
4658,2.61448,-0.0511461
4666,2.61518,-0.0457474
4675,2.62202,-0.0439857
4683,2.65199,-0.0569588
4691,2.68135,-0.060159
4700,2.69476,-0.0629735
4708,2.704,-0.0505327
4717,2.70213,-0.0474146
4726,2.71385,-0.04193
4736,2.72031,-0.0563533
4744,2.72889,-0.0445885
4753,2.75623,-0.0333442
4762,2.77766,-0.0261138
4770,2.78602,-0.0145645
4779,2.77344,-0.0242821
4787,2.77096,-0.0136211
4796,2.76573,-0.0249322
4804,2.77509,-0.0296451
4813,2.78193,-0.0399592
4822,2.80119,-0.0300111
4830,2.82334,-0.0194405
4838,2.84531,-0.0317573
4847,2.8493,-0.0241307
4855,2.86598,-0.012012
4864,2.8806,-0.0241146
4872,2.89322,-0.0182358
4881,2.92525,-0.0143256
4890,2.95858,-0.00587867
4898,3.00094,0.000991723
4907,3.04465,-0.00408339
4915,3.10341,-0.00682746
4924,3.20079,-0.0117259
4933,3.36714,-0.0407946
4942,3.50038,-0.0805437
4950,3.64371,-0.130412
4959,3.8372,-0.13639
4967,4.02355,-0.156018
4976,4.23309,-0.144773
4984,4.43733,-0.158186
4993,4.63472,-0.185859
5002,4.84725,-0.20756
5010,5.06052,-0.240865
5019,5.22137,-0.245067
5027,5.41125,-0.223556
5035,5.56588,-0.203621
5044,5.70188,-0.194793
5052,5.84993,-0.206754
5061,5.97866,-0.211912
5070,6.08552,-0.199394
5078,6.17903,-0.18473
5087,6.26612,-0.176633
5095,6.36662,-0.188137
5103,6.4457,-0.18742
5112,6.5276,-0.172615
5120,6.59248,-0.164796
5129,6.65484,-0.150093
5138,6.719,-0.154036
5147,6.7559,-0.147911
5155,6.80161,-0.15041
5164,6.82465,-0.154783
5172,6.85616,-0.153471
5182,6.92342,-0.147593
5193,6.97896,-0.144361
5202,7.0303,-0.133174
5211,7.06096,-0.132856
5219,7.07194,-0.128064
5228,7.15214,-0.13494
5236,7.2075,-0.12395
5245,7.27158,-0.156751
5254,7.32941,-0.160757
5262,7.39697,-0.154891
5271,7.45125,-0.149991
5280,7.50563,-0.148843
5289,7.5501,-0.1507
5297,7.5681,-0.155307
5306,7.60872,-0.145112
5315,7.63262,-0.114267
5323,7.714,-0.114645
5334,7.86236,-0.127652
5342,8.01346,-0.166995
5351,8.11514,-0.225359
5360,8.25753,-0.274723
5369,8.39676,-0.297119
5377,8.52524,-0.291165
5386,8.615,-0.274557
5394,8.69751,-0.281663
5403,8.81239,-0.293196
5412,8.9241,-0.301194
5420,9.08025,-0.300227
5429,9.21313,-0.278471
5441,9.41793,-0.31676
5450,9.5448,-0.32925
5459,9.68428,-0.330324
5467,9.81757,-0.336574
5476,9.95933,-0.344227
5485,10.1216,-0.33893
5493,10.2403,-0.337783
5502,10.3675,-0.336319
5515,10.5247,-0.323036
5523,10.6402,-0.340841
5532,10.7583,-0.329003
5541,10.8691,-0.304684
5549,10.9677,-0.308386
5558,11.0813,-0.307621
5566,11.2073,-0.300391
5575,11.2981,-0.287281
5584,11.4238,-0.273274
5593,11.5399,-0.269557
5601,11.658,-0.264672
5610,11.7376,-0.267372
5618,11.824,-0.251871
5627,11.9088,-0.248615
5635,11.9874,-0.238768
5644,12.0852,-0.257947
5653,12.2535,-0.278687
5662,12.4075,-0.300052
5671,12.5553,-0.335202
5679,12.7391,-0.382048
5688,12.8966,-0.416929
5697,13.0386,-0.438755
5706,13.1429,-0.460489
5714,13.2693,-0.481563
5723,13.385,-0.490601
5732,13.4862,-0.488237
5741,13.6377,-0.489426
5749,13.7221,-0.487499
5758,13.8502,-0.518042
5766,13.9749,-0.514379
5775,14.0792,-0.493961
5784,14.1915,-0.4802
5792,14.2804,-0.480283
5801,14.3713,-0.476646
5810,14.4719,-0.466922
5818,14.5595,-0.458128
5831,14.6766,-0.448568
5839,14.7472,-0.442367
5848,14.8503,-0.443771
5857,14.9639,-0.445015
5866,15.0448,-0.440004
5874,15.1232,-0.424242
5883,15.1518,-0.430219
5892,15.1986,-0.423714
5901,15.2467,-0.40407
5910,15.33,-0.382215
5918,15.3915,-0.380194
5927,15.4691,-0.389678
5938,15.5708,-0.387478
5947,15.6038,-0.395263
5956,15.6477,-0.375789
5964,15.7012,-0.371975
5973,15.7683,-0.354821
5981,15.8225,-0.354119
5993,15.9051,-0.366753
6001,15.9891,-0.358365
6010,16.0678,-0.356345
6019,16.1077,-0.34724
6027,16.1766,-0.337675
6036,16.2464,-0.331316
6045,16.3055,-0.327482
6054,16.3685,-0.355844
6065,16.5548,-0.40661
6073,16.6692,-0.43983
6081,16.8052,-0.48742
6089,16.962,-0.531712
6097,17.1255,-0.553076
6104,17.2485,-0.557551
6112,17.3527,-0.572724
6120,17.4666,-0.584574
6127,17.5826,-0.594064
6136,17.7367,-0.61573
6144,17.8614,-0.627693
6151,17.9828,-0.627219
6159,18.1014,-0.632964
6166,18.2499,-0.612984
6174,18.3751,-0.614508
6183,18.522,-0.612923
6195,18.7119,-0.590196
6204,18.842,-0.579388
6212,18.9831,-0.568307
6220,19.1245,-0.569445
6229,19.2661,-0.56702
6237,19.4019,-0.565515
6246,19.5292,-0.556995
6254,19.6506,-0.543568
6263,19.7711,-0.531859
6271,19.8988,-0.51392
6280,19.9976,-0.518534
6288,20.1132,-0.52799
6297,20.2363,-0.50764
6305,20.3426,-0.500719
6314,20.4238,-0.501536
6322,20.5273,-0.499846
6331,20.6343,-0.494876
6340,20.7335,-0.492906
6348,20.8232,-0.488715
6356,20.9386,-0.498768
6365,21.0968,-0.528134
6374,21.2303,-0.574948
6382,21.3546,-0.616908
6391,21.498,-0.639119
6399,21.6103,-0.644047
6408,21.7355,-0.641184
6416,21.8744,-0.650029
6425,22.0128,-0.674463
6433,22.1858,-0.703728
6442,22.3032,-0.695903
6450,22.4305,-0.701976
6459,22.5513,-0.697226
6467,22.6994,-0.670933
6476,22.8678,-0.683421
6484,23.0207,-0.655597
6493,23.1878,-0.635643
6501,23.3499,-0.637605
6510,23.5097,-0.622849
6518,23.6708,-0.619093
6527,23.8363,-0.606112
6537,24.0148,-0.597763
6545,24.1598,-0.592533
6553,24.2935,-0.572883
6562,24.3977,-0.558424
6572,24.5145,-0.554112
6579,24.6153,-0.550369
6587,24.7023,-0.567039
6595,24.8004,-0.559885
6602,24.8926,-0.550282
6610,24.9647,-0.540318
6617,25.027,-0.517371
6624,25.0681,-0.504406
6632,25.119,-0.523291
6640,25.1982,-0.532688
6647,25.3051,-0.570653
6655,25.3869,-0.594935
6662,25.4641,-0.669012
6670,25.5563,-0.73055
6677,25.6574,-0.737857
6685,25.7204,-0.739918
6692,25.7649,-0.734195
6700,25.795,-0.727591
6707,25.8624,-0.729546
6715,25.9161,-0.717797
6723,25.9758,-0.711883
6730,26.0375,-0.707383
6738,26.0944,-0.710874
6745,26.1589,-0.710505
6753,26.2538,-0.734116
6760,26.3316,-0.744195
6768,26.4559,-0.741991
6776,26.5558,-0.744912
6783,26.6652,-0.727099
6791,26.7796,-0.707623
6798,26.871,-0.703035
6806,26.9396,-0.709902
6813,27.0391,-0.699508
6821,27.1382,-0.686928
6828,27.2325,-0.673176
6836,27.3145,-0.672737
6843,27.3999,-0.66044
6851,27.486,-0.653406
6859,27.573,-0.647161
6866,27.6577,-0.633066
6874,27.7422,-0.636022
6881,27.833,-0.643456
6889,27.9069,-0.644201
6897,27.9827,-0.63662
6905,28.0617,-0.63045
6914,28.1399,-0.621641
6922,28.2112,-0.62084
6931,28.2889,-0.603284
6939,28.3705,-0.589028
6948,28.4476,-0.578614
6956,28.5114,-0.56961
6965,28.5644,-0.574574
6972,28.5975,-0.564566
6980,28.6214,-0.544527
6987,28.6471,-0.540269
6996,28.6883,-0.531848
7005,28.7723,-0.51826
7014,28.811,-0.506071
7022,28.8437,-0.495308
7031,28.8694,-0.503691
7040,28.9118,-0.481464
7048,28.9636,-0.466424
7057,29.0164,-0.447483
7065,29.0622,-0.442343
7074,29.1365,-0.43936
7083,29.1758,-0.436409
7091,29.2228,-0.421597
7100,29.2752,-0.404336
7109,29.3063,-0.404584
7118,29.3537,-0.412742
7126,29.4159,-0.404492
7135,29.4985,-0.388002
7144,29.5837,-0.371345
7153,29.6728,-0.393391
7161,29.7879,-0.428565
7170,29.9322,-0.457356
7178,30.0383,-0.52078
7188,30.155,-0.58259
7196,30.2149,-0.626449
7204,30.3333,-0.635451
7213,30.4367,-0.660856
7222,30.5573,-0.704112
7230,30.7043,-0.746575
7239,30.8486,-0.78285
7248,30.9844,-0.789534
7256,31.1123,-0.760208
7265,31.2126,-0.754551
7274,31.305,-0.754432
7282,31.4288,-0.753811
7291,31.5486,-0.738417
7300,31.6785,-0.730576
7308,31.8222,-0.72199
7317,31.9652,-0.704366
7326,32.101,-0.686201
7334,32.1894,-0.666252
7344,32.3177,-0.639878
7352,32.4391,-0.635575
7361,32.5648,-0.629395
7370,32.6997,-0.610972
7378,32.7958,-0.608178
7387,32.9031,-0.602745
7396,33.0177,-0.586148
7404,33.1415,-0.578519
7413,33.2312,-0.578126
7422,33.3308,-0.570409
7430,33.4311,-0.553505
7439,33.5371,-0.548674
7448,33.6336,-0.542635
7457,33.7519,-0.524339
7466,33.8464,-0.510331
7474,33.9289,-0.530605
7483,34.0033,-0.56774
7492,34.1115,-0.622965
7501,34.2201,-0.669912
7509,34.2437,-0.711664
7518,34.3856,-0.734661
7526,34.4924,-0.75833
7535,34.6088,-0.778114
7544,34.7026,-0.796612
7552,34.807,-0.790684
7561,34.9281,-0.826794
7569,35.0378,-0.844683
7578,35.1719,-0.846891
7586,35.2836,-0.834962
7595,35.4149,-0.814071
7604,35.5066,-0.818467
7613,35.6296,-0.800813
7622,35.737,-0.794905
7631,35.8653,-0.769264
7639,35.9904,-0.74524
7648,36.1108,-0.749469
7657,36.238,-0.724153
7666,36.365,-0.713989
7675,36.4532,-0.696791
7683,36.5582,-0.67753
7692,36.6625,-0.671768
7700,36.7374,-0.672718
7709,36.8382,-0.662678
7718,36.9374,-0.650187
7726,37.0236,-0.636236
7735,37.1117,-0.633975
7745,37.214,-0.618988
7753,37.3017,-0.610991
7762,37.3669,-0.603596
7770,37.4397,-0.598891
7779,37.4887,-0.597228
7787,37.5334,-0.607843
7796,37.587,-0.610733
7805,37.6336,-0.599286
7813,37.6786,-0.593983
7822,37.7531,-0.587032
7834,37.8438,-0.568569
7842,37.9082,-0.553239
7851,37.9622,-0.545566
7859,38.0156,-0.542411
7868,38.0663,-0.52191
7877,38.1183,-0.516313
7885,38.1894,-0.52041
7894,38.2837,-0.553739
7902,38.3679,-0.621844
7911,38.5047,-0.649635
7919,38.5991,-0.690611
7928,38.6955,-0.716452
7936,38.7914,-0.720835
7945,38.8769,-0.74633
7954,38.9968,-0.763253
7962,39.1124,-0.811001
7971,39.2383,-0.815211
7979,39.3786,-0.846307
7988,39.5015,-0.856433
7997,39.6252,-0.870356
8006,39.774,-0.852197
8014,39.9258,-0.831666
8023,40.0645,-0.828933
8031,40.1906,-0.829724
8040,40.3269,-0.80031
8048,40.4618,-0.773563
8057,40.6292,-0.749979
8066,40.7768,-0.745787
8074,40.903,-0.732796
8083,41.033,-0.705803
8092,41.1484,-0.698733
8100,41.2438,-0.701302
8109,41.3557,-0.693143
8118,41.4758,-0.678999
8126,41.5925,-0.672729
8135,41.6738,-0.66385
8145,41.7579,-0.654821
8153,41.8163,-0.639412
8162,41.9126,-0.610571
8170,41.9835,-0.590719
8179,42.0352,-0.573134
8188,42.0404,-0.579134
8201,42.0166,-0.555539
8209,41.9864,-0.547286
8217,41.9898,-0.52804
8226,41.9656,-0.511175
8234,41.9169,-0.520768
8243,41.852,-0.515746
8251,41.7885,-0.484324
8260,41.7287,-0.46252
8268,41.6108,-0.44492
8277,41.5127,-0.438119
8285,41.3733,-0.428713
8294,41.2233,-0.409722
8302,41.0811,-0.413902
8311,40.9487,-0.388789
8319,40.8179,-0.357727
8328,40.6736,-0.334028
8336,40.5179,-0.302754
8346,40.324,-0.276933
8354,40.1547,-0.275237
8361,39.985,-0.255389
8370,39.7972,-0.227663
8378,39.6032,-0.208086
8387,39.4319,-0.196702
8395,39.2637,-0.171138
8404,39.052,-0.163427
8412,38.852,-0.139553
8421,38.6462,-0.122574
8430,38.4356,-0.120095
8438,38.244,-0.102215
8447,38.0613,-0.0856128
8455,37.8636,-0.0727252
8464,37.634,-0.0184656
8472,37.4923,-0.0199356
8481,37.339,0.00344562
8489,37.1645,0.0234758
8498,37.0048,0.0293894
8506,36.8419,0.0574707
8515,36.6733,0.0477913
8523,36.4894,0.026694
8532,36.3302,0.0334643
8541,36.15,0.0381845
8550,35.9593,0.0496267
8558,35.786,0.0536439
8567,35.6028,0.0407337
8575,35.4152,0.0479004
8584,35.2204,0.04639
8593,35.0316,0.0287266
8602,34.8505,0.0288088
8610,34.6898,0.0377458
8619,34.5109,0.0335746
8627,34.3379,0.0412276
8636,34.1744,0.0512688
8644,34.0203,0.0640422
8653,33.8592,0.0651402
8661,33.6987,0.0612666
8669,33.5301,0.0541026
8678,33.3735,0.0600534
8687,33.2432,0.085232
8695,33.0891,0.106489
8704,32.91,0.103197
8713,32.7572,0.114382
8722,32.625,0.130204
8730,32.4727,0.129335
8739,32.3037,0.139459
8748,32.157,0.146334
8756,31.996,0.131266
8765,31.7833,0.163754
8774,31.5781,0.202493
8782,31.3713,0.232503
8791,31.161,0.251405
8800,30.9268,0.277277
8809,30.7468,0.326179
8817,30.58,0.347179
8826,30.3855,0.359877
8836,30.1809,0.365131
8843,30.0276,0.376753
8852,29.8003,0.422724
8860,29.5954,0.461644
8869,29.4064,0.477652
8878,29.203,0.481368
8886,29.0307,0.469153
8895,28.8853,0.44847
8904,28.7132,0.429002
8912,28.5629,0.406834
8921,28.3521,0.380526
8930,28.1502,0.370802
8939,27.9399,0.34682
8947,27.7009,0.358914
8955,27.491,0.381406
8964,27.294,0.380278
8973,27.1136,0.379823
8982,26.98,0.346926
8990,26.8227,0.332373
8999,26.6694,0.307013
9008,26.4875,0.269164
9016,26.2944,0.248962
9025,26.1103,0.236465
9034,25.9477,0.2377
9042,25.7626,0.219829
9051,25.6032,0.200748
9060,25.4901,0.193602
9071,25.2745,0.182134
9079,25.0757,0.171136
9088,24.9075,0.146524
9097,24.7176,0.129964
9106,24.561,0.123578
9114,24.3973,0.1243
9123,24.2432,0.11429
9132,24.0754,0.103466
9143,23.8434,0.101804
9152,23.6499,0.0978901
9159,23.4515,0.0938547
9167,23.2684,0.0855532
9174,23.069,0.0724957
9182,22.9109,0.0635427
9189,22.7476,0.0357166
9199,22.484,0.0244054
9207,22.2685,0.0448428
9214,22.0274,0.0889456
9222,21.7565,0.129349
9230,21.437,0.148518
9238,21.0651,0.209194
9245,20.707,0.264708
9253,20.4525,0.286709
9262,20.0871,0.264447
9270,19.7237,0.331879
9279,19.4321,0.384342
9287,19.1248,0.429519
9296,18.764,0.506568
9305,18.464,0.553506
9314,18.0669,0.596695
9323,17.7417,0.7206
9331,17.3886,0.774364
9340,17.0347,0.773401
9349,16.7443,0.754467
9358,16.4776,0.734553
9366,16.2013,0.706887
9375,15.9396,0.678402
9384,15.6641,0.672109
9393,15.1961,0.727594
9401,14.9316,0.662993
9410,14.6716,0.634006
9419,14.4016,0.603404
9427,14.1985,0.57131
9436,13.9324,0.547273
9445,13.6559,0.507986
9454,13.3373,0.467566
9462,13.0076,0.446814
9471,12.6985,0.445238
9479,12.4107,0.428678
9488,12.1535,0.417697
9497,11.9167,0.405389
9505,11.6626,0.394277
9514,11.4269,0.382759
9522,11.2191,0.371433
9531,10.9893,0.332186
9540,10.7632,0.324822
9549,10.5233,0.310941
9558,10.2682,0.28631
9566,10.0244,0.27128
9575,9.77606,0.251254
9583,9.50821,0.240098
9592,9.23198,0.226426
9600,9.00431,0.209869
9609,8.76864,0.186915
9618,8.54068,0.168419
9626,8.31473,0.15421
9635,8.07404,0.135399
9643,7.83842,0.123929
9652,7.60739,0.0947476
9660,7.38316,0.0706795
9669,7.13676,0.0769464
9678,6.90753,0.0743123
9686,6.66252,0.0668246
9695,6.39565,0.0925517
9703,6.08155,0.0660953
9712,5.77054,0.0800149
9720,5.47149,0.0938574
9729,5.10715,0.10287
9737,4.84875,0.108216
9748,4.493,0.102924
9756,4.15208,0.106614
9764,3.88243,0.119294
9773,3.59551,0.118391
9781,3.33658,0.123849
9790,3.03426,0.138472
9798,2.75239,0.148451
9807,2.47264,0.138558
9815,2.13592,0.117811
9823,1.82246,0.102081
9836,1.40183,0.0855766
9844,1.14949,0.0717663
9853,0.878788,0.0756688
9862,0.567895,0.0686781
9870,0.276534,0.0564234
9879,-0.015416,0.0619075
9887,-0.32905,0.0540222
9896,-0.623832,0.0382867
9904,-0.926117,0.0166264
9913,-1.22414,0.00502391
9921,-1.53131,0.0235078
9930,-1.81859,0.0310546
9938,-2.12696,0.0072202
9948,-2.45599,-0.0174877
9957,-2.70188,-0.0251338
9966,-2.95598,-0.0175556
9974,-3.18876,-0.0278956
9982,-3.40721,-0.0351393
9990,-3.62864,-0.0379948
9999,-3.85015,-0.0449269
10007,-4.08021,-0.043267
10016,-4.3187,-0.0396047
10025,-4.53088,-0.0333948
10034,-4.7734,-0.0410203
10042,-4.99466,-0.045597
10050,-5.22058,-0.0372556
10059,-5.43657,-0.0305105
10067,-5.64953,-0.033934
10076,-5.86604,-0.0431582
10084,-6.08618,-0.0433936
10092,-6.30487,-0.0299787
10101,-6.4971,-0.0344933
10110,-6.71985,-0.0402255
10118,-6.92977,-0.043931
10127,-7.13219,-0.0419632
10135,-7.33725,-0.0313511
10144,-7.53334,-0.0290618
10152,-7.72349,-0.0137618
10161,-7.9259,-0.0140685
10169,-8.12163,-0.00316491
10178,-8.3395,-0.00823653
10186,-8.55968,-0.0328396
10195,-8.80075,-0.0407672
10205,-9.08109,-0.0546468
10213,-9.32803,-0.0587958
10222,-9.56919,-0.060096
10231,-9.81411,-0.0865917
10239,-10.0823,-0.0896809
10248,-10.3596,-0.0891374
10257,-10.607,-0.100247
10265,-10.8261,-0.108463
10274,-11.0544,-0.103247
10282,-11.2844,-0.0888171
10291,-11.5387,-0.0808547
10300,-11.815,-0.0766364
10309,-12.0971,-0.0649369
10318,-12.4573,-0.0676966
10327,-12.7632,-0.0965088
10334,-13.0158,-0.107325
10343,-13.3088,-0.0994163
10352,-13.5796,-0.0870915
10363,-13.8936,-0.0860686
10372,-14.1414,-0.0845942
10380,-14.3971,-0.087142
10389,-14.6425,-0.0806397
10397,-14.9041,-0.0708873
10406,-15.146,-0.0607164
10415,-15.3988,-0.0533574
10423,-15.6435,-0.0166966
10432,-15.8456,0.0125118
10444,-16.1701,0.0219872
10453,-16.3728,0.00102611
10462,-16.621,-0.0190881
10470,-16.896,-0.0300634
10479,-17.1784,-0.0551165
10488,-17.5587,-0.0790937
10497,-17.9211,-0.127181
10506,-18.2464,-0.155722
10517,-18.823,-0.16375
10526,-19.0909,-0.180393
10534,-19.4051,-0.215305
10543,-19.7321,-0.236574
10551,-20.0768,-0.166305
10560,-20.3687,-0.160786
10569,-20.7023,-0.2264
10577,-21.1096,-0.249227
10586,-21.4681,-0.213861
10594,-21.8048,-0.229642
10603,-22.1269,-0.271432
10611,-22.4951,-0.275988
10620,-22.9058,-0.243115
10629,-23.2562,-0.241562
10638,-23.549,-0.31134
10646,-23.8588,-0.347002
10655,-24.175,-0.313008
10664,-24.5079,-0.270528
10673,-24.8078,-0.282312
10681,-25.0733,-0.304038
10690,-25.3341,-0.290279
10698,-25.6141,-0.273503
10707,-25.888,-0.247643
10716,-26.1343,-0.250684
10725,-26.3711,-0.243473
10733,-26.6586,-0.235859
10742,-26.9362,-0.230894
10751,-27.2192,-0.244161
10760,-27.4649,-0.280843
10769,-27.7078,-0.280155
10777,-27.9386,-0.270064
10786,-28.1369,-0.236236
10795,-28.3098,-0.213451
10803,-28.481,-0.176608
10812,-28.6565,-0.131913
10821,-28.8356,-0.110491
10834,-29.1323,-0.0685308
10842,-29.3139,-0.0694669
10851,-29.4784,-0.0526662
10860,-29.6581,-0.0364948
10869,-29.8314,-0.015211
10877,-29.9873,0.0125798
10886,-30.1241,0.0261676
10895,-30.2711,0.0562348
10903,-30.4279,0.0854559
10912,-30.5767,0.0972988
10921,-30.7573,0.125741
10929,-30.922,0.140446
10938,-31.0725,0.153459
10946,-31.2253,0.183639
10955,-31.3453,0.198115
10963,-31.4867,0.220785
10972,-31.6381,0.246276
10981,-31.7632,0.275537
10990,-31.8951,0.294861
10999,-32.008,0.308828
11007,-32.1533,0.32257
11016,-32.2892,0.346657
11025,-32.4039,0.368813
11034,-32.4873,0.383619
11042,-32.603,0.408372
11051,-32.708,0.447971
11060,-32.8448,0.47344
11069,-32.9783,0.480907
11077,-33.1013,0.448015
11086,-33.2368,0.412607
11094,-33.3834,0.381606
11103,-33.5723,0.382441
11112,-33.7235,0.391595
11120,-33.8413,0.387351
11129,-33.9988,0.381841
11137,-34.1586,0.349737
11146,-34.2833,0.306116
11155,-34.4332,0.302512
11164,-34.5766,0.312199
11172,-34.7356,0.324627
11181,-34.8804,0.304197
11189,-35.0119,0.273491
11198,-35.1528,0.251995
11206,-35.3161,0.238499
11215,-35.4759,0.241432
11223,-35.6054,0.261534
11232,-35.7706,0.284669
11240,-35.9521,0.280865
11249,-36.1127,0.246794
11258,-36.2588,0.199514
11266,-36.436,0.164996
11275,-36.6087,0.173337
11283,-36.7447,0.206012
11291,-36.8396,0.220361
11300,-36.9413,0.252531
11308,-37.0348,0.271885
11317,-37.1329,0.303371
11326,-37.2195,0.33101
11334,-37.3355,0.354709
11343,-37.4499,0.384485
11352,-37.5419,0.408507
11360,-37.6208,0.439516
11369,-37.6913,0.450741
11378,-37.7684,0.471827
11386,-37.8563,0.506358
11395,-37.9132,0.513126
11403,-37.987,0.526299
11412,-38.039,0.544985
11420,-38.0893,0.565065
11429,-38.1395,0.600182
11438,-38.1718,0.595932
11446,-38.2219,0.624068
11455,-38.2552,0.638155
11463,-38.3115,0.650462
11472,-38.3517,0.675338
11480,-38.3587,0.692311
11489,-38.3858,0.717528
11498,-38.4249,0.732
11506,-38.445,0.737003
11515,-38.4837,0.762075
11523,-38.5203,0.77315
11532,-38.5602,0.777995
11540,-38.5831,0.796691
11549,-38.6003,0.817778
11558,-38.6123,0.831166
11569,-38.5963,0.8364
11578,-38.6051,0.848464
11586,-38.6323,0.853828
11595,-38.6519,0.862535
11603,-38.7076,0.887945
11612,-38.7423,0.891847
11620,-38.7696,0.917593
11629,-38.7851,0.919955
11638,-38.8118,0.916804
11646,-38.8442,0.923449
11655,-38.8939,0.932103
11663,-38.9399,0.947493
11672,-39.0003,0.957667
11680,-39.0635,0.970998
11689,-39.1188,0.977184
11697,-39.1388,0.981722
11705,-39.1633,0.99437
11714,-39.1993,1.01171
11722,-39.24,1.0318
11731,-39.2736,1.03525
11739,-39.3129,1.04042
11747,-39.3956,1.05592
11756,-39.4621,1.05308
11764,-39.5,1.06729
11773,-39.5584,1.0792
11782,-39.6167,1.09931
11790,-39.6735,1.10724
11799,-39.7111,1.10452
11807,-39.734,1.09688
11816,-39.7512,1.10818
11824,-39.7647,1.10118
11837,-39.8031,1.11758
11845,-39.8102,1.11371
11854,-39.8368,1.13095
11862,-39.8677,1.13456
11870,-39.8554,1.13375
11879,-39.855,1.12818
11891,-39.8398,1.1287
11898,-39.8404,1.1275
11906,-39.8373,1.14586
11913,-39.8522,1.1393
11921,-39.8724,1.13005
11928,-39.9084,1.14627
11936,-39.9219,1.14267
11943,-39.9364,1.14912
11951,-39.9545,1.14685
11958,-39.9624,1.15544
11966,-39.98,1.15145
11974,-39.9851,1.15259
11981,-40.0106,1.16039
11989,-40.0411,1.16422
11996,-40.0771,1.17631
12004,-40.1148,1.18735
12011,-40.1668,1.18399
12019,-40.2125,1.18607
12026,-40.2702,1.17988
12034,-40.2861,1.17306
12042,-40.3256,1.17908
12049,-40.3412,1.18054
12057,-40.3819,1.18837
12064,-40.4405,1.20077
12072,-40.4922,1.19848
12079,-40.5286,1.19905
12087,-40.5758,1.20461
12094,-40.6237,1.1953
12102,-40.6684,1.18807
12109,-40.7299,1.20138
12117,-40.7959,1.19786
12124,-40.8476,1.19104
12132,-40.8991,1.19892
12139,-40.9394,1.20086
12147,-40.9747,1.21207
12155,-40.9987,1.20646
12162,-41.0234,1.21585
12170,-41.0453,1.21661
12177,-41.0828,1.2243
12185,-41.1187,1.2121
12192,-41.1354,1.21619
12200,-41.173,1.22309
12208,-41.1837,1.20703
12216,-41.1612,1.19786
12223,-41.1496,1.19375
12231,-41.1176,1.18571
12238,-41.1063,1.19324
12246,-41.0894,1.18275
12253,-41.0852,1.17738
12261,-41.0616,1.16328
12269,-41.0329,1.14774
12276,-40.9836,1.13601
12284,-40.971,1.14864
12291,-40.9204,1.13311
12299,-40.8929,1.13622
12306,-40.8413,1.12912
12315,-40.8023,1.13212
12323,-40.7392,1.12528
12332,-40.6875,1.12595
12341,-40.5955,1.11124
12348,-40.521,1.1074
12356,-40.4372,1.11315
12363,-40.3538,1.12455
12372,-40.2461,1.13179
12379,-40.1503,1.138
12387,-40.0452,1.14355
12395,-39.9155,1.11113
12403,-39.7596,1.10593
12412,-39.5937,1.09392
12421,-39.406,1.09421
12430,-39.2138,1.11293
12438,-39.0201,1.11499
12447,-38.8541,1.13003
12456,-38.8937,1.08403
12465,-38.7087,1.07982
12473,-38.5501,1.07075
12482,-38.3921,1.07656
12490,-38.2417,1.097
12499,-38.0839,1.1036
12508,-37.8912,1.09879
12516,-37.7138,1.08555
12524,-37.5669,1.08343
12533,-37.4064,1.09253
12541,-37.2742,1.0834
12549,-37.1221,1.08149
12559,-36.9855,1.06361
12568,-36.8344,1.04483
12576,-36.696,1.03354
12584,-36.5385,1.03074
12593,-36.3629,1.03107
12602,-36.1977,1.03773
12610,-36.0516,1.03159
12619,-35.9138,1.04854
12628,-35.7852,1.04336
12636,-35.6326,1.0276
12645,-35.4898,1.00717
12653,-35.3492,0.991129
12662,-35.2053,0.97869
12671,-35.0502,0.964212
12679,-34.899,0.963092
12688,-34.7247,0.962033
12697,-34.5952,0.971141
12705,-34.4041,0.981732
12714,-34.2324,0.979017
12722,-34.0598,0.993584
12731,-33.8824,1.03703
12740,-33.792,1.03834
12749,-33.6701,1.02165
12758,-33.5155,1.01119
12766,-33.3797,1.02669
12775,-33.2246,1.05071
12783,-33.0589,1.05001
12792,-32.8635,1.06
12801,-32.6438,1.06763
12810,-32.4474,1.1021
12818,-32.2498,1.10647
12827,-32.0628,1.10163
12836,-31.8604,1.09952
12845,-31.7233,1.10228
12854,-31.574,1.11034
12862,-31.4326,1.09699
12871,-31.2953,1.09884
12879,-31.1455,1.09116
12888,-31.0042,1.09044
12897,-30.8512,1.07793
12906,-30.7325,1.08625
12914,-30.6089,1.08056
12923,-30.4956,1.08306
12931,-30.35,1.06339
12940,-30.218,1.06198
12948,-30.1007,1.06229
12959,-29.9503,1.06794
12968,-29.8252,1.06608
12976,-29.7201,1.07413
12984,-29.6199,1.06995
12993,-29.5126,1.04818
13002,-29.4465,1.06826
13010,-29.3632,1.06655
13019,-29.256,1.07321
13027,-29.1533,1.07355
13036,-29.0567,1.07408
13044,-28.9705,1.08741
13052,-28.892,1.07812
13061,-28.755,1.07327
13070,-28.6373,1.05855
13078,-28.563,1.07806
13086,-28.4754,1.09024
13095,-28.375,1.08538
13103,-28.2762,1.07396
13112,-28.1968,1.07298
13120,-28.1092,1.0681
13129,-28.0145,1.07715
13138,-27.9245,1.06102
13146,-27.8258,1.0549
13156,-27.7127,1.03206
13164,-27.5999,1.02798
13172,-27.5066,1.02215
13181,-27.3771,1.02388
13190,-27.2558,1.00873
13198,-27.1446,1.01805
13210,-26.9843,1.00171
13219,-26.9106,1.00265
13227,-26.8255,0.99097
13236,-26.7543,0.993996
13244,-26.6487,0.977553
13253,-26.5188,0.972125
13261,-26.4102,0.964969
13270,-26.28,0.975447
13278,-26.1939,0.993317
13287,-26.0622,0.967654
13295,-25.9774,0.964649
13304,-25.9161,0.974424
13312,-25.8421,0.998727
13321,-25.719,1.01429
13330,-25.5958,1.01816
13338,-25.4738,1.03629
13346,-25.3389,1.0312
13355,-25.2178,1.05482
13364,-25.0649,1.08986
13373,-24.907,1.10028
13382,-24.7886,1.11688
13390,-24.6785,1.13061
13399,-24.5461,1.13617
13407,-24.4318,1.15623
13416,-24.3098,1.16853
13424,-24.1808,1.16604
13433,-24.0346,1.19455
13442,-23.8874,1.20736
13450,-23.7358,1.23452
13459,-23.5909,1.26563
13467,-23.4295,1.28226
13476,-23.2631,1.30065
13484,-23.1297,1.33708
13493,-23.0038,1.34837
13502,-22.8775,1.33714
13510,-22.7905,1.34243
13519,-22.7055,1.33748
13527,-22.5882,1.3368
13536,-22.4458,1.31385
13545,-22.2909,1.28857
13554,-22.1439,1.27429
13563,-21.981,1.25148
13572,-21.832,1.2252
13581,-21.6937,1.18189
13590,-21.5615,1.13724
13598,-21.4209,1.12453
13607,-21.2597,1.0952
13616,-21.0752,1.06922
13624,-20.9286,1.04136
13633,-20.7577,1.02994
13642,-20.5964,1.02993
13651,-20.4289,1.02033
13659,-20.2366,1.01797
13668,-20.05,1.0256
13677,-19.8565,1.02929
13685,-19.6735,0.996653
13694,-19.5087,0.983979
13703,-19.3204,0.977778
13711,-19.1431,0.973425
13720,-18.9573,0.979923
13729,-18.7711,0.972089
13738,-18.5837,0.963935
13746,-18.4012,0.972196
13755,-18.2117,0.957062
13764,-18.0353,0.930647
13772,-17.8691,0.90545
13781,-17.6779,0.880622
13790,-17.4907,0.865006
13798,-17.2926,0.833178
13807,-17.1124,0.811285
13816,-16.9298,0.78667
13824,-16.744,0.761549
13837,-16.4848,0.729374
13845,-16.3043,0.699391
13854,-16.1004,0.682592
13863,-15.9031,0.641988
13871,-15.7179,0.620867
13880,-15.5147,0.618152
13889,-15.3094,0.592358
13898,-15.1249,0.571801
13907,-14.9477,0.555311
13915,-14.7466,0.537172
13924,-14.5417,0.529064
13933,-14.3146,0.505317
13942,-14.0887,0.467932
13951,-13.8639,0.458076
13960,-13.6256,0.457598
13969,-13.3962,0.432923
13978,-13.182,0.407781
13986,-12.9676,0.409385
13995,-12.7407,0.421152
14003,-12.5224,0.4437
14012,-12.2437,0.439484
14020,-11.9887,0.437484
14029,-11.7676,0.402612
14038,-11.5616,0.419674
14046,-11.3355,0.411808
14055,-11.1332,0.404658
14064,-10.9348,0.3926
14072,-10.7551,0.383485
14081,-10.554,0.39107
14090,-10.3585,0.418064
14099,-10.167,0.421389
14107,-9.95683,0.421175
14116,-9.73903,0.409861
14125,-9.51222,0.395757
14134,-9.27677,0.396043
14142,-9.03228,0.386335
14151,-8.78657,0.37706
14160,-8.56926,0.360105
14168,-8.3857,0.355016
14177,-8.18777,0.350112
14186,-7.9976,0.355301
14194,-7.79348,0.345325
14203,-7.6156,0.337985
14217,-7.3091,0.333676
14225,-7.08541,0.315291
14234,-6.89108,0.306916
14242,-6.69875,0.301974
14250,-6.52004,0.304083
14258,-6.35545,0.322627
14267,-6.18321,0.327746
14275,-5.97196,0.305999
14284,-5.73431,0.295938
14293,-5.49531,0.293356
14302,-5.24016,0.309772
14310,-5.02549,0.291698
14319,-4.81303,0.284704
14327,-4.59946,0.27785
14336,-4.4053,0.278763
14345,-4.23771,0.26943
14354,-4.06983,0.264222
14363,-3.88124,0.253704
14372,-3.71179,0.248803
14380,-3.53734,0.245239
14389,-3.34432,0.211024
14398,-3.13228,0.214509
14405,-2.95423,0.219145
14413,-2.78408,0.215923
14421,-2.59661,0.204562
14429,-2.38955,0.197411
14438,-2.20106,0.176948
14446,-2.02392,0.177362
14455,-1.83465,0.14806
14463,-1.64327,0.128711
14472,-1.43117,0.102188
14481,-1.22792,0.0786751
14489,-1.00262,0.0589322
14498,-0.771353,0.0426931
14506,-0.516053,0.012644
14515,-0.253031,-0.0134769
14524,0.0041909,-0.0344693
14533,0.251017,-0.0327173
14541,0.493181,-0.0319913
14550,0.753381,-0.0319303
14558,1.00945,-0.0494881
14567,1.26912,-0.0740445
14575,1.51917,-0.0646198
14584,1.77148,-0.0678815
14592,1.99587,-0.0771339
14601,2.2102,-0.0781211
14609,2.43953,-0.0684669
14617,2.6605,-0.0490147
14626,2.89703,-0.0450224
14634,3.14203,-0.0357779
14643,3.40523,-0.0497832
14651,3.66813,-0.0591665
14660,3.88631,-0.0770533
14668,4.10681,-0.0941628
14677,4.31123,-0.108022
14686,4.48181,-0.116507
14694,4.6362,-0.128655
14703,4.81187,-0.126152
14711,4.9958,-0.116308
14720,5.14303,-0.111437
14728,5.30034,-0.117704
14736,5.44312,-0.0968854
14745,5.61455,-0.0835974
14754,5.82834,-0.0886011
14764,6.10215,-0.144995
14773,6.36249,-0.264154
14782,6.59695,-0.303017
14790,6.8844,-0.310017
14799,7.12844,-0.344558
14807,7.33522,-0.420162
14816,7.61088,-0.465247
14824,7.88591,-0.432417
14836,8.29228,-0.449058
14845,8.54572,-0.49476
14854,8.78512,-0.509928
14862,9.05081,-0.486562
14871,9.35933,-0.491396
14879,9.65599,-0.540157
14888,9.97232,-0.588976
14896,10.2816,-0.616605
14905,10.582,-0.610613
14914,10.8588,-0.605119
14922,11.1519,-0.607903
14931,11.4189,-0.597198
14939,11.6803,-0.578552
14948,11.9489,-0.583243
14957,12.218,-0.567347
14966,12.506,-0.559395
14974,12.7841,-0.553534
14983,13.0838,-0.53706
14991,13.3779,-0.526192
14999,13.6727,-0.520677
15008,14.0106,-0.522289
15017,14.3293,-0.528162
15026,14.6721,-0.566057
15034,14.9653,-0.609257
15045,15.3771,-0.642143
15054,15.7324,-0.649078
15062,16.1175,-0.698711
15071,16.4573,-0.763126
15080,16.7901,-0.791636
15089,17.1291,-0.793049
15097,17.4645,-0.793728
15106,17.7563,-0.837976
15117,18.1159,-0.908237
15126,18.3905,-0.905352
15133,18.6989,-0.887851
15141,19.0157,-0.897584
15148,19.3123,-0.944866
15156,19.5508,-1.00848
15163,19.7765,-1.03981
15171,19.9979,-1.01318
15179,20.2191,-0.980782
15186,20.4318,-0.967718
15193,20.6133,-0.954706
15201,20.8181,-0.944258
15208,20.9796,-0.951514
15215,21.1536,-0.951774
15223,21.3453,-0.952672
15231,21.5071,-0.947212
15239,21.6714,-0.929146
15246,21.8515,-0.91989
15254,22.0004,-0.891923
15261,22.1441,-0.874004
15269,22.2882,-0.859473
15277,22.4522,-0.83462
15285,22.6428,-0.829286
15294,22.8619,-0.835426
15302,23.0729,-0.871029
15311,23.2753,-0.909859
15320,23.4765,-0.917151
15329,23.6619,-0.912569
15337,23.8462,-0.912602
15346,24.0684,-0.914838
15354,24.3052,-0.94689
15364,24.5075,-0.998859
15372,24.6637,-1.03672
15381,24.848,-1.01818
15389,25.0318,-0.968562
15398,25.1849,-0.943909
15407,25.3684,-0.950805
15415,25.5687,-0.961717
15424,25.7493,-0.945448
15433,25.924,-0.941975
15445,26.1688,-0.938988
15454,26.3792,-0.947648
15462,26.5863,-0.952046
15469,26.7509,-0.976696
15478,26.9209,-1.0171
15486,27.0956,-1.02001
15495,27.2603,-1.0043
15503,27.4291,-0.991742
15512,27.6024,-0.972872
15521,27.7829,-0.959661
15532,28.0348,-0.918653
15541,28.252,-0.909905
15549,28.4769,-0.875353
15558,28.6905,-0.887533
15566,28.8875,-0.930562
15575,29.1108,-0.967121
15583,29.3501,-0.997613
15592,29.5662,-0.991848
15601,29.7871,-1.00783
15610,30.0124,-1.00798
15618,30.2498,-1.03147
15628,30.4827,-1.07252
15636,30.672,-1.10962
15645,30.8457,-1.13803
15653,31.0302,-1.12128
15662,31.2266,-1.06439
15670,31.4561,-1.03244
15679,31.6901,-1.04074
15688,31.9406,-1.05935
15696,32.1529,-1.09564
15705,32.3201,-1.12748
15714,32.4528,-1.12852
15723,32.571,-1.09565
15731,32.7154,-1.06224
15740,32.8826,-1.03323
15748,33.0495,-1.02003
15757,33.1971,-1.00081
15766,33.3441,-0.963722
15775,33.4645,-0.951055
15783,33.5646,-0.934998
15792,33.6744,-0.917911
15801,33.8057,-0.887169
15810,33.9109,-0.856061
15818,34.0042,-0.83598
15827,34.1031,-0.827074
15839,34.2737,-0.793307
15848,34.3641,-0.780502
15856,34.4287,-0.768073
15865,34.5219,-0.749145
15873,34.5972,-0.733354
15882,34.7237,-0.709862
15891,34.8029,-0.685868
15899,34.8794,-0.678415
15908,34.9749,-0.657406
15917,35.0905,-0.647279
15926,35.1955,-0.641308
15934,35.3351,-0.64545
15943,35.4898,-0.669157
15952,35.645,-0.727432
15961,35.8164,-0.764839
15969,35.9634,-0.761352
15978,36.1053,-0.740102
15987,36.258,-0.750193
15995,36.4401,-0.763217
16004,36.5824,-0.807797
16013,36.7103,-0.869726
16021,36.8219,-0.879554
16030,36.9373,-0.851096
16038,37.0487,-0.803337
16047,37.1554,-0.800809
16056,37.2655,-0.800628
16064,37.3639,-0.805511
16073,37.4739,-0.796192
16082,37.5762,-0.78428
16090,37.6811,-0.769641
16099,37.7759,-0.765522
16108,37.8644,-0.748481
16116,37.9204,-0.744796
16125,37.9973,-0.719436
16134,38.0785,-0.70411
16143,38.169,-0.691401
16151,38.2765,-0.678892
16160,38.3732,-0.691153
16169,38.4871,-0.712534
16177,38.5646,-0.758932
16186,38.6183,-0.777087
16194,38.6709,-0.766412
16203,38.7607,-0.730199
16211,38.8168,-0.709234
16222,38.9052,-0.704391
16230,38.985,-0.685722
16239,39.0548,-0.672621
16247,39.1112,-0.646615
16256,39.168,-0.627782
16264,39.2069,-0.608491
16273,39.2917,-0.57393
16281,39.3423,-0.562181
16290,39.3855,-0.543943
16298,39.4983,-0.511397
16307,39.5335,-0.516399
16315,39.5552,-0.53836
16324,39.5108,-0.594665
16332,39.4322,-0.57515
16341,39.3571,-0.533111
16350,39.3004,-0.495381
16358,39.2348,-0.514837
16368,39.1601,-0.54169
16377,39.0648,-0.523051
16385,38.9597,-0.428747
16394,38.8275,-0.359759
16402,38.6726,-0.306428
16411,38.4781,-0.273242
16423,38.1844,-0.213049
16431,37.9714,-0.160326
16439,37.7577,-0.122599
16448,37.501,-0.102231
16456,37.1936,-0.116908
16465,36.8245,-0.0546425
16473,36.6619,0.00312158
16482,36.4494,0.01567
16490,36.2424,0.0271049
16498,36.0579,0.0117232
16507,35.8143,0.0161799
16515,35.5921,0.027212
16524,35.3651,0.047607
16532,35.0827,0.0441255
16541,34.8005,0.0478576
16550,34.5233,0.0571592
16558,34.2382,0.0608199
16570,33.8557,0.0686482
16579,33.5642,0.0726872
16587,33.2873,0.0901954
16596,32.9816,0.100854
16604,32.6951,0.110632
16613,32.3809,0.128191
16622,32.1243,0.139206
16631,31.8568,0.140452
16639,31.607,0.130827
16648,31.3371,0.126738
16657,31.0782,0.137757
16665,30.7868,0.131947
16674,30.451,0.128192
16682,30.1308,0.149837
16691,29.8003,0.183299
16699,29.4682,0.204146
16708,29.153,0.206906
16716,28.8679,0.228796
16724,28.5646,0.240545
16733,28.2352,0.267017
16742,27.8935,0.301417
16750,27.5813,0.337701
16759,27.2265,0.402171
16769,26.834,0.456276
16777,26.4886,0.464061
16786,26.1834,0.497325
16794,25.8425,0.531149
16803,25.4998,0.569719
16811,25.1542,0.595145
16820,24.8034,0.621567
16828,24.4441,0.653966
16840,23.9766,0.691087
16848,23.6571,0.735232
16857,23.337,0.756853
16865,23.0355,0.780691
16874,22.7803,0.812629
16882,22.5176,0.818639
16891,22.2719,0.826255
16900,22.0252,0.816845
16909,21.7922,0.791109
16917,21.5579,0.772217
16926,21.3703,0.761897
16935,21.1312,0.75529
16943,20.8617,0.723739
16952,20.6072,0.699471
16961,20.3718,0.678936
16970,20.1081,0.673494
16979,19.8738,0.664619
16988,19.6367,0.640527
16996,19.4021,0.64482
17005,19.1476,0.643342
17014,18.9035,0.635555
17022,18.6522,0.644781
17031,18.3842,0.651642
17041,18.0877,0.666255
17048,17.8334,0.663318
17056,17.5768,0.685997
17064,17.3486,0.705533
17071,17.0846,0.692514
17079,16.8273,0.679276
17086,16.5539,0.665927
17094,16.302,0.652157
17101,16.0466,0.640968
17109,15.8184,0.638625
17116,15.5665,0.646638
17124,15.3089,0.661933
17131,15.0203,0.677933
17139,14.7263,0.693672
17146,14.4392,0.695082
17153,14.1216,0.689541
17161,13.8287,0.700311
17168,13.5224,0.700723
17176,13.2416,0.701601
17183,12.9524,0.696762
17190,12.6386,0.70213
17198,12.3413,0.701167
17206,12.0126,0.701256
17213,11.6713,0.700368
17221,11.3171,0.701779
17229,10.989,0.697019
17237,10.6835,0.674903
17244,10.3973,0.652791
17251,10.1365,0.65006
17259,9.87241,0.651825
17267,9.6087,0.695866
17274,9.34127,0.708215
17282,9.05755,0.711015
17289,8.77762,0.697969
17297,8.49286,0.679342
17304,8.22838,0.68081
17312,7.92876,0.697492
17319,7.64742,0.725559
17327,7.38092,0.706333
17334,7.08419,0.689172
17342,6.82725,0.649248
17349,6.56434,0.621368
17357,6.33643,0.619839
17364,6.10738,0.629199
17372,5.89372,0.657586
17379,5.6661,0.650049
17387,5.44721,0.651842
17395,5.21887,0.673555
17402,4.97757,0.698691
17409,4.72676,0.71299
17417,4.46113,0.677905
17425,4.23207,0.630257
17432,4.01069,0.608251
17440,3.79753,0.611587
17447,3.60377,0.620852
17455,3.42076,0.649455
17462,3.24418,0.620444
17470,3.10482,0.568451
17477,2.97697,0.516283
17485,2.84195,0.517281
17492,2.67015,0.552853
17500,2.50623,0.56592
17507,2.37527,0.527534
17515,2.22982,0.511896
17522,2.02909,0.560294
17530,1.82211,0.605947
17538,1.65854,0.602096
17545,1.51387,0.532462
17553,1.37823,0.486954
17560,1.23701,0.496673
17568,1.08535,0.491525
17575,0.926177,0.469711
17583,0.785362,0.418152
17590,0.618644,0.38863
17598,0.492383,0.352777
17605,0.339955,0.329885
17613,0.192835,0.288242
17621,0.0565677,0.245059
17628,-0.0906252,0.21911
17636,-0.262784,0.177674
17643,-0.433597,0.13786
17651,-0.587535,0.0858911
17658,-0.735915,0.0524623
17666,-0.856959,0.0262356
17673,-0.949887,0.016253
17681,-1.04284,-0.00460984
17688,-1.11819,-0.0151695
17696,-1.22368,-0.00853656
17703,-1.31981,0.00750285
17711,-1.39555,0.0294318
17718,-1.47119,0.0393854
17726,-1.55523,0.0395404
17733,-1.64993,0.0405038
17741,-1.75606,0.0307357
17748,-1.85276,0.0286315
17756,-1.95534,0.036352
17763,-2.03984,0.0359298
17771,-2.10101,0.0361986
17778,-2.15653,0.0285987
17786,-2.18819,0.0115656
17793,-2.21352,0.000407055
17801,-2.24178,-0.0076616
17808,-2.25167,-0.0230824
17816,-2.27439,-0.052506
17823,-2.31954,-0.0294937
17831,-2.35805,-0.0220683
17838,-2.4024,0.00888623
17846,-2.43493,0.0211655
17853,-2.39339,0.0175099
17861,-2.39089,-0.0314808
17869,-2.32252,-0.0916228
17876,-2.25825,-0.115046
17883,-2.18526,-0.114423
17891,-2.14346,-0.104281
17899,-2.11689,-0.107633